29254	Abidjã	5.36	-4.01
29262	Abu Dhabi	24.45	54.38
99198	Abuja	9.06	7.49
29270	Acra	5.60	-0.19
99325	Adis Abeba	9.03	38.74
30457	Amsterdã	52.37	4.90
29289	Amã	31.95	35.93
29297	Ancara	39.93	32.86
29300	Argel	36.75	3.06
29319	Artigas	-30.40	-56.47
29327	Assunção	-25.26	-57.58
39241	Astana	51.17	71.43
29335	Atenas	37.98	23.73
39080	Atlanta	33.75	-84.39
99171	Bagdá	33.31	44.36
39128	Baku	40.41	49.87
99350	Bamako	12.64	-8.00
29343	Bangkok	13.76	100.50
29351	Barcelona	41.39	2.17
99473	Barein	26.23	50.59
29360	Beirute	33.89	35.50
29378	Belgrado	44.79	20.45
38881	Belmopan	17.25	-88.77
29386	Berlim	52.52	13.40
29394	Bissau	11.86	-15.60
29408	Bogotá	4.71	-74.07
29416	Boston	42.36	-71.06
39209	Bratislava	48.15	17.11
39187	Brazzaville	-4.27	15.28
29424	Bridgetown	13.10	-59.61
29432	Bruxelas	50.85	4.35
29440	Bucareste	44.43	26.10
29459	Budapeste	47.50	19.04
29467	Buenos Aires	-34.60	-58.38
29475	Caiena	4.94	-52.33
29483	Cairo	30.04	31.24
29491	Camberra	-35.28	149.13
30651	Cantão	23.13	113.26
29505	Caracas	10.48	-66.90
99384	Castries	14.01	-60.99
29513	Chicago	41.88	-87.63
29521	Chuy	-33.69	-53.46
29530	Cidade do Cabo	-33.92	18.42
29556	Ciudad del Este	-25.51	-54.61
29564	Ciudad Guayana	8.35	-62.65
99210	Cobija	-11.03	-68.77
29572	Cochabamba	-17.39	-66.16
30929	Colombo	6.93	79.86
38903	Conacri	9.64	-13.58
29580	Concepción	-23.41	-57.43
29599	Copenhague	55.68	12.57
38920	Cotonou	6.37	2.39
29602	Córdoba	-31.42	-64.18
29610	Dacar	14.72	-17.47
29629	Dacca	23.81	90.41
29637	Damasco	33.51	36.29
38962	Dar es Salaam	-6.79	39.21
29653	Doha	25.29	51.53
29661	Dublin	53.35	-6.26
29645	Díli	-8.56	125.57
99503	Edimburgo	55.95	-3.19
29670	Encarnación	-27.33	-55.87
29688	Estocolmo	59.33	18.07
30961	Faro	37.02	-7.93
29696	Frankfurt	50.11	8.68
30669	Gaborone	-24.65	25.91
29700	Genebra	46.20	6.14
29718	Georgetown	6.80	-58.16
98000	Guatemala	14.63	-90.51
29742	Hamamatsu	34.71	137.73
29750	Hanói	21.03	105.85
29769	Harare	-17.83	31.05
30902	Hartford	41.76	-72.67
29777	Havana	23.11	-82.37
29785	Helsinque	60.17	24.94
29793	Hong Kong	22.32	114.17
29807	Houston	29.76	-95.37
29815	Iaundé	3.85	11.50
38989	Ierevan	40.18	44.51
29823	Iquitos	-3.75	-73.25
29831	Islamabade	33.68	73.05
39306	Istambul	41.01	28.98
29840	Jacarta	-6.21	106.85
29173	Katmandu	27.72	85.32
29858	Kiev	50.45	30.52
99430	Kingston	18.00	-76.79
29874	Kinshasa	-4.44	15.27
29882	Kuaite	29.38	47.99
29890	Kuala Lumpur	3.14	101.69
29904	La Paz	-16.50	-68.15
29912	Lagos	6.52	3.38
29939	Libreville	0.39	9.45
99341	Lilongue	-13.96	33.77
29947	Lima	-12.05	-77.04
29955	Lisboa	38.72	-9.14
39160	Liubliana	46.06	14.51
29963	Lomé	6.13	1.22
29971	Londres	51.51	-0.13
29980	Los Angeles	34.05	-118.24
29998	Luanda	-8.84	13.23
99287	Lusaca	-15.39	28.32
30066	Madri	40.42	-3.70
39263	Malabo	3.75	8.78
30082	Manila	14.60	120.98
30074	Manágua	12.13	-86.25
30090	Maputo	-25.97	32.57
99511	Marselha	43.30	5.37
39102	Mascate	23.59	58.41
39004	Mendoza	-32.89	-68.84
30104	México	19.43	-99.13
30112	Miami	25.76	-80.19
30120	Milão	45.46	9.19
30147	Montevidéu	-34.90	-56.16
30155	Montreal	45.50	-73.57
30163	Moscou	55.76	37.62
30171	Mumbai	19.08	72.88
30180	Munique	48.14	11.58
30198	Nagoia	35.18	136.91
30201	Nairóbi	-1.29	36.82
99180	Nassau	25.05	-77.36
39322	Nicósia	35.19	33.38
30210	Nova Delhi	28.61	77.21
30228	Nova York	40.71	-74.01
99490	Orlando	28.54	-81.38
30244	Oslo	59.91	10.75
30252	Ottawa	45.42	-75.70
30260	Panamá	8.98	-79.52
30279	Paramaribo	5.85	-55.20
30287	Paris	48.86	2.35
30295	Paso de los Libres	-29.71	-57.09
30309	Pedro Juan Caballero	-22.55	-55.73
30317	Pequim	39.90	116.41
30325	Port of Spain	10.65	-61.51
30341	Porto	41.15	-8.61
30333	Porto Príncipe	18.59	-72.31
30350	Praga	50.08	14.44
30368	Praia	14.93	-23.51
30376	Pretória	-25.75	28.19
99155	Puerto Iguazú	-25.60	-54.57
99236	Puerto Quijarro	-17.78	-57.77
99295	Pyongyang	39.04	125.76
30392	Quito	-0.18	-78.47
30406	Rabat	34.02	-6.84
30414	Ramallah	31.90	35.20
30422	Riade	24.71	46.68
30430	Rio Branco (UY)	-32.57	-53.38
99244	Rivera	-30.90	-55.54
30449	Roma	41.90	12.50
99147	Saint John's	17.12	-61.85
30465	Salto del Guairá	-24.06	-54.31
30473	Santa Cruz de la Sierra	-17.78	-63.18
99279	Santa Elena de Uairén	4.60	-61.11
30481	Santiago	-33.45	-70.67
30988	Sarajevo	43.86	18.41
30538	Seul	37.57	126.98
29548	Singapura	1.35	103.82
99333	Saint-Georges	3.89	-51.80
30562	Sydney	-33.87	151.21
30490	Santo Domingo	18.49	-69.93
30503	São Francisco	37.77	-122.42
30511	San José	9.93	-84.08
30520	San Salvador	13.69	-89.19
39225	São Tomé	0.34	6.73
30546	Sófia	42.70	23.32
30570	Taipé	25.03	121.57
99317	Talin	59.44	24.75
99104	Tbilisi	41.72	44.79
30597	Teerã	35.69	51.39
30600	Tegucigalpa	14.07	-87.19
30619	Tel Aviv	32.09	34.78
99139	Tirana	41.33	19.82
30635	Toronto	43.65	-79.38
30686	Trípoli	32.89	13.19
30708	Tunis	36.81	10.18
30627	Tóquio	35.68	139.69
39284	Uagadugu	12.37	-1.52
39063	Vancouver	49.28	-123.12
30740	Varsóvia	52.23	21.01
30767	Viena	48.21	16.37
30783	Washington	38.91	-77.04
30805	Wellington	-41.29	174.78
30821	Windhoek	-22.56	17.07
30848	Xangai	31.23	121.47
99376	Yangon	16.84	96.17
39020	Zagreb	45.81	15.98
30864	Zurique	47.38	8.54
